"Column1.metadata","Column1.data.zqdm","Column1.data.zqjc","Column1.data.zqywjc","Column1.data.tznr","Column1.data.sxrq","Column1.error"
"[Record]","02477","????","WELLCELL HOLD","??","2026-04-21",""
"[Record]","02940","????","WELLCELL HOLD","??","2026-04-21",""
"[Record]","02635","???","NUOBIKAN","??","2026-04-20",""
"[Record]","02525","??-W","HESAI-W","??","2026-04-16",""
"[Record]","02650","????","ZHIDA TECH","??","2026-04-10",""
"[Record]","03881","????","CIDI","??","2026-04-09",""
"[Record]","02715","???","ESTUN","??","2026-04-03",""
"[Record]","02701","????","NSING TECH","??","2026-03-23",""
"[Record]","01989","????","DELTON","??","2026-03-20",""
"[Record]","00489","??????","DONGFENG GROUP","??","2026-03-11",""
"[Record]","03268","????","MEIG","??","2026-03-10",""
"[Record]","00023","????","BANK OF E ASIA","??","2026-03-09",""
"[Record]","00272","?????","SHUI ON LAND","??","2026-03-09",""
"[Record]","00290","????","GOFINTECH QUANT","??","2026-03-09",""
"[Record]","00327","????","PAX GLOBAL","??","2026-03-09",""
"[Record]","00470","????","WUXI LEAD","??","2026-03-09",""
"[Record]","00659","?????","CTF SERVICES","??","2026-03-09",""
"[Record]","00694","????????","BEIJING AIRPORT","??","2026-03-09",""
"[Record]","00777","??","NETDRAGON","??","2026-03-09",""
"[Record]","00861","????","DC HOLDINGS","??","2026-03-09",""
